athlete_NOC,athlete_Team,match_in_medal,canonical_name,entity_type
AIN,AIN,NO,Individual Neutral Athletes,special
AFG,Afghanistan,YES,Afghanistan,country
AHO,Netherlands Antilles,YES,Netherlands Antilles,historical_different
ALB,Albania,YES,Albania,country
ALG,Algeria,YES,Algeria,country
AND,Andorra,NO,Andorra,country
ANG,Angola,NO,Angola,country
ANT,Antigua and Barbuda,NO,Antigua and Barbuda,country
ANZ,Sydney Rowing Club,NO,Australasia,historical_different
ANZ,Australasia,YES,Australasia,historical_different
ARG,Wiking,NO,Argentina,country
ARG,Covunco III,NO,Argentina,country
ARG,Acturus,NO,Argentina,country
ARG,Pampero,NO,Argentina,country
ARG,Rampage,NO,Argentina,country
ARG,Cupidon III,NO,Argentina,country
ARG,Djinn,NO,Argentina,country
ARG,Blue Red,NO,Argentina,country
ARG,Arcturus,NO,Argentina,country
ARG,Gullvinge,NO,Argentina,country
ARG,Antares,NO,Argentina,country
ARG,Tango,NO,Argentina,country
ARG,Ardilla,NO,Argentina,country
ARG,Argentina-2,NO,Argentina,country
ARG,Mizar,NO,Argentina,country
ARG,Argentina-1,NO,Argentina,country
ARG,Matrero II,NO,Argentina,country
ARG,Argentina,YES,Argentina,country
ARM,Armenia,YES,Armenia,country
ARU,Aruba,NO,Australia,country
ASA,American Samoa,NO,Australia,country
AUS,Hornet,NO,Australia,country
AUS,Barrenjoey,NO,Australia,country
AUS,Falcon VI,NO,Australia,country
AUS,Australia-1,NO,Australia,country
AUS,Australia-3,NO,Australia,country
AUS,Paula,NO,Australia,country
AUS,Relampago,NO,Australia,country
AUS,Vinha,NO,Australia,country
AUS,Australia-2,NO,Australia,country
AUS,Cambria,NO,Australia,country
AUS,Australia/Great Britain,NO,Australia,country
AUS,Maryke,NO,Australia,country
AUS,Diablo,NO,Australia,country
AUS,Buraddoo,NO,Australia,country
AUS,Pakaria,NO,Australia,country
AUS,Falcon IV,NO,Australia,country
AUS,Greenoaks Dundee,NO,Australia,country
AUS,Amateur Athletic Association,NO,Australia,country
AUS,Quando Quando,NO,Australia,country
AUS,Gabbiano,NO,Australia,country
AUS,Moorina,NO,Australia,country
AUS,Naiad,NO,Australia,country
AUS,Australia,YES,Australia,country
AUT,Austria-1,NO,Austria,country
AUT,Breslau,NO,Austria,country
AUT,Evita VI,NO,Austria,country
AUT,May-Be 1960,NO,Austria,country
AUT,Brigantia,NO,Austria,country
AUT,Donar III,NO,Austria,country
AUT,Surprise,NO,Austria,country
AUT,"R.-V. Germania, Leitmeritz",NO,Austria,country
AUT,"Philadelphia Turngemeinde, Philadelphia",NO,Austria,country
AUT,Austria-2,NO,Austria,country
AUT,30. Februar,NO,Austria,country
AUT,Austria,YES,Austria,country
AZE,Azerbaijan,YES,Azerbaijan,country
BAH,Gem III,NO,Bahamas,country
BAH,Guanahani,NO,Bahamas,country
BAH,Gem,NO,Bahamas,country
BAH,Combine,NO,Bahamas,country
BAH,Gem VII,NO,Bahamas,country
BAH,Yeoman,NO,Bahamas,country
BAH,John B,NO,Bahamas,country
BAH,Gem IV,NO,Bahamas,country
BAH,Bim,NO,Bahamas,country
BAH,Bahamas,YES,Bahamas,country
BAN,Bangladesh,NO,Bangladesh,country
BAR,Barbados,YES,Barbados,country
BDI,Burundi,YES,Burundi,country
BEL,Royal Club Nautique de Gand,NO,Belgium,country
BEL,Brussels Swimming and Water Polo Club,NO,Belgium,country
BEL,Pupilles de Neptune de Lille #1-3,NO,Belgium,country
BEL,Suzy-2,NO,Belgium,country
BEL,Ubu,NO,Belgium,country
BEL,Belgium-2,NO,Belgium,country
BEL,Danzig,NO,Belgium,country
BEL,Ciss,NO,Belgium,country
BEL,Univ. of Brussels,NO,Belgium,country
BEL,Belgium-4,NO,Belgium,country
BEL,Belgium-1,NO,Belgium,country
BEL,Lalage,NO,Belgium,country
BEL,Meteor,NO,Belgium,country
BEL,Girl Pat,NO,Belgium,country
BEL,Edelweiss II-1,NO,Belgium,country
BEL,Zut,NO,Belgium,country
BEL,Tan-Fe-Pah,NO,Belgium,country
BEL,Dolfijn,NO,Belgium,country
BEL,Antwerpia V,NO,Belgium,country
BEL,Freddy,NO,Belgium,country
BEL,Belgium-3,NO,Belgium,country
BEL,Belgium,YES,Belgium,country
BEN,Benin,NO,Benin,country
BER,Oleander II,NO,Bermuda,country
BER,Bermudian,NO,Bermuda,country
BER,Pam,NO,Bermuda,country
BER,Oleander XII,NO,Bermuda,country
BER,Bermudes,NO,Bermuda,country
BER,Bermuda,YES,Bermuda,country
BHU,Bhutan,NO,Bhutan,country
BIH,Bosnia and Herzegovina,NO,Bosnia and Herzegovina,country
BIH,Bosnia & Herzegovina,NO,Bosnia and Herzegovina,country
BIZ,Belize,NO,Belize,country
BLR,Belarus-2,NO,Belarus,country
BLR,Belarus-1,NO,Belarus,country
BLR,Belarus,YES,Belarus,country
BOH,Bohemia/Great Britain,NO,Bohemia,historical_different
BOH,Bohemia-1,NO,Bohemia,historical_different
BOH,Bohemia-2,NO,Bohemia,historical_different
BOH,Bohemia-3,NO,Bohemia,historical_different
BOH,Bohemia,YES,Bohemia,historical_different
BOL,Bolivia,NO,Bolivia,country
BOT,Botswana,YES,Botswana,country
BRA,Lbeck,NO,Brazil,country
BRA,Terrible,NO,Brazil,country
BRA,Vento Sul,NO,Brazil,country
BRA,Escapade,NO,Brazil,country
BRA,Brazil-1,NO,Brazil,country
BRA,Buscape II,NO,Brazil,country
BRA,Pimm,NO,Brazil,country
BRA,Bu III,NO,Brazil,country
BRA,Andorinha,NO,Brazil,country
BRA,Inca,NO,Brazil,country
BRA,Brazil-2,NO,Brazil,country
BRA,Clementine V,NO,Brazil,country
BRA,Brazil,YES,Brazil,country
BRN,Bahrain,YES,Bahrain,country
BRU,Brunei Darussalam,NO,Brunei Darussalam,country
BRU,Brunei,NO,Brunei Darussalam,country
BUL,Bulgaria-1,NO,Bulgaria,country
BUL,Bulgaria-2,NO,Bulgaria,country
BUL,Bulgaria,YES,Bulgaria,country
BUR,Burkina Faso,YES,Burkina Faso,country
CAF,Central African Republic,NO,Central African Republic,country
CAF,Centr Afric Re,NO,Central African Republic,country
CAM,GyoshuII,NO,Cambodia,country
CAM,Cambodia,NO,Cambodia,country
CAN,Gran Gesto,NO,Canada,country
CAN,Trickson VI,NO,Canada,country
CAN,State VI,NO,Canada,country
CAN,Windor,NO,Canada,country
CAN,Canada-1,NO,Canada,country
CAN,Scaup,NO,Canada,country
CAN,Argo II,NO,Canada,country
CAN,Scram,NO,Canada,country
CAN,Winnipeg Shamrocks-1,NO,Canada,country
CAN,Canada-2,NO,Canada,country
CAN,Caprice,NO,Canada,country
CAN,Santa Maria,NO,Canada,country
CAN,SagaII,NO,Canada,country
CAN,Mad Dog,NO,Canada,country
CAN,Beaver,NO,Canada,country
CAN,Ariel,NO,Canada,country
CAN,Orion,NO,Canada,country
CAN,Jet,NO,Canada,country
CAN,Syndi,NO,Canada,country
CAN,Glisten,NO,Canada,country
CAN,Manana,NO,Canada,country
CAN,Toronto Argonauts,NO,Canada,country
CAN,Dresden,NO,Canada,country
CAN,Pop Art,NO,Canada,country
CAN,Whirlaway,NO,Canada,country
CAN,Galt Football Club,NO,Canada,country
CAN,Tomahawk II,NO,Canada,country
CAN,Mohawk Indians-2,NO,Canada,country
CAN,Serendipity,NO,Canada,country
CAN,Argonaut Rowing Club,NO,Canada,country
CAN,Canada,YES,Canada,country
CAY,Cayman Islands,NO,Cayman Islands,country
CGO,Congo,NO,Republic of the Congo,country
CGO,Republic of the Congo,NO,Republic of the Congo,country
CGO,Congo (Brazzaville),NO,Republic of the Congo,country
CHA,Chad,NO,Chad,country
CHI,Mainz,NO,Chile,country
CHI,Chile,YES,Chile,country
CHN,China-1,NO,China,country
CHN,China-2,NO,China,country
CHN,China-3,NO,China,country
CHN,China,YES,China,country
CIV,Côte d'Ivoire,NO,Ivory Coast,historical_same
CIV,Cote d'Ivoire,NO,Ivory Coast,historical_same
CIV,Ivory Coast,YES,Ivory Coast,historical_same
CMR,Cameroon,YES,Cameroon,country
COD,Congo (Kinshasa),NO,Democratic Republic of the Congo,country
COD,Democratic Republic of the Congo,NO,Democratic Republic of the Congo,country
COD,DR Congo,NO,Democratic Republic of the Congo,country
COK,Cook Islands,NO,Cook Islands,country
COL,Racing Club de France,NO,Colombia,country
COL,Colombia,YES,Colombia,country
COM,Comoros,NO,Comoros,country
CPV,Cape Verde,NO,Cabo Verde,country
CPV,Cabo Verde,YES,Cabo Verde,country
CRC,Costa Rica,YES,Costa Rica,country
CRO,Croatia,YES,Croatia,country
CRT,Crete,NO,Crete,historical_different
CUB,Cuba-2,NO,Cuba,country
CUB,Vesania,NO,Cuba,country
CUB,Hatuey,NO,Cuba,country
CUB,Kurush II,NO,Cuba,country
CUB,Kurush IV,NO,Cuba,country
CUB,Cuba-1,NO,Cuba,country
CUB,Cuba,YES,Cuba,country
CYP,Cyprus,YES,Cyprus,country
CZE,Czech Republic-2,NO,Czech Republic,country
CZE,Czech Republic-1,NO,Czech Republic,country
CZE,Czechia,NO,Czech Republic,country
CZE,Czech Republic,YES,Czech Republic,country
DEN,Anitra,NO,Denmark,country
DEN,Denmark-2,NO,Denmark,country
DEN,Polyteknisk Roklub-1,NO,Denmark,country
DEN,Chok,NO,Denmark,country
DEN,Jill,NO,Denmark,country
DEN,Clearwater,NO,Denmark,country
DEN,Snude,NO,Denmark,country
DEN,Snap,NO,Denmark,country
DEN,Kiel,NO,Denmark,country
DEN,White Lady,NO,Denmark,country
DEN,Roklubb Kbnhavn-2,NO,Denmark,country
DEN,Bonzo,NO,Denmark,country
DEN,Hi-Hi,NO,Denmark,country
DEN,Denmark/Sweden,NO,Denmark,country
DEN,Morena,NO,Denmark,country
DEN,Digby,NO,Denmark,country
DEN,Web II,NO,Denmark,country
DEN,Skum,NO,Denmark,country
DEN,Don Schufro,NO,Denmark,country
DEN,Tip,NO,Denmark,country
DEN,Web III,NO,Denmark,country
DEN,Dansk Idrts Forbund,NO,Denmark,country
DEN,Miss Denmark 1964,NO,Denmark,country
DEN,Nykjbings paa Falster,NO,Denmark,country
DEN,Denmark-4,NO,Denmark,country
DEN,Denmark-3,NO,Denmark,country
DEN,Nurdug II,NO,Denmark,country
DEN,Denmark-1,NO,Denmark,country
DEN,Denmark,YES,Denmark,country
DJI,Djibouti,YES,Djibouti,country
DMA,Dominica,YES,Dominica,country
DOM,Dominican Republic,YES,Dominican Republic,country
ECU,Ecuador,YES,Ecuador,country
EGY,Egypt,YES,Egypt,country
EOR,EOR,NO,Refugee Olympic Team,special
EOR,Refugee Olympic Team,YES,Refugee Olympic Team,special
ERI,Eritrea,YES,Eritrea,country
ESA,El Salvador,NO,El Salvador,country
ESP,Ral-Club Barcelona,NO,Spain,country
ESP,Canopus,NO,Spain,country
ESP,Amolgavar,NO,Spain,country
ESP,Tajamar,NO,Spain,country
ESP,Pasodoble,NO,Spain,country
ESP,Spain-2,NO,Spain,country
ESP,Spain-1,NO,Spain,country
ESP,Galerna,NO,Spain,country
ESP,Fruits,NO,Spain,country
ESP,Posillipo III,NO,Spain,country
ESP,Spain,YES,Spain,country
EST,Brandenburg,NO,Estonia,country
EST,Tutti V,NO,Estonia,country
EST,Estonia,YES,Estonia,country
ETH,Ethiopia,YES,Ethiopia,country
EUN,Unified Team-1,NO,Unified Team,historical_different
EUN,Unified Team-2,NO,Unified Team,historical_different
EUN,Unified Team,YES,Unified Team,historical_different
FIJ,Fiji,YES,Fiji,country
FIN,Squid III,NO,Finland,country
FIN,Heatherbell,NO,Finland,country
FIN,Rififi,NO,Finland,country
FIN,Xantippa,NO,Finland,country
FIN,Vinha,NO,Finland,country
FIN,Lucky Star,NO,Finland,country
FIN,Chaje II,NO,Finland,country
FIN,Sheerio,NO,Finland,country
FIN,Bella,NO,Finland,country
FIN,Ralia,NO,Finland,country
FIN,Finn II,NO,Finland,country
FIN,rn-2,NO,Finland,country
FIN,Tu-Fri,NO,Finland,country
FIN,Finland-1,NO,Finland,country
FIN,Teresita,NO,Finland,country
FIN,Raili,NO,Finland,country
FIN,Inga-Lill XXXXIII,NO,Finland,country
FIN,Nina,NO,Finland,country
FIN,Lynn,NO,Finland,country
FIN,Finland-2,NO,Finland,country
FIN,Lucky Girl-1,NO,Finland,country
FIN,Helsingfors R. K.,NO,Finland,country
FIN,Bremen,NO,Finland,country
FIN,Finland,YES,Finland,country
FRA,"BLO Polo Club, Rugby",NO,France,country
FRA,Pupilles de Neptune de Lille-1,NO,France,country
FRA,Camille,NO,France,country
FRA,Sarcelle-35,NO,France,country
FRA,Carabinier-5,NO,France,country
FRA,Mamie-6,NO,France,country
FRA,Ducky-4,NO,France,country
FRA,Societ Nautique de la Marne,NO,France,country
FRA,Giselle-6,NO,France,country
FRA,Baby-9,NO,France,country
FRA,Carabinier-15,NO,France,country
FRA,Guyoni,NO,France,country
FRA,Societ Nautique de la Marne-3,NO,France,country
FRA,Kannibaltje,NO,France,country
FRA,Pupilles de Neptune de Lille #2-1,NO,France,country
FRA,France-3,NO,France,country
FRA,Amulet-3,NO,France,country
FRA,Souriceau-38,NO,France,country
FRA,Alcyon-7,NO,France,country
FRA,Damoiselle,NO,France,country
FRA,Hb-24,NO,France,country
FRA,Club Nautique de Dieppe-5,NO,France,country
FRA,Cupidon Viking,NO,France,country
FRA,Diabolo St Maurice,NO,France,country
FRA,Pierre et Jean-4,NO,France,country
FRA,Libellule de Paris-3,NO,France,country
FRA,Scamasaxe-3,NO,France,country
FRA,Gam II,NO,France,country
FRA,Sidi Fekkar-36,NO,France,country
FRA,C.V.A.-7,NO,France,country
FRA,Crabe II-12,NO,France,country
FRA,Smyrna,NO,France,country
FRA,Pierre et Jean-3,NO,France,country
FRA,Tramontane,NO,France,country
FRA,Socit Nautique de Bayonne-2,NO,France,country
FRA,Femur-1,NO,France,country
FRA,Cinara-13,NO,France,country
FRA,Rose Pompon,NO,France,country
FRA,Colette-10,NO,France,country
FRA,Scamasaxe-34,NO,France,country
FRA,Crabe II-4,NO,France,country
FRA,Qu'Importe,NO,France,country
FRA,Whitini Star,NO,France,country
FRA,Martha-27,NO,France,country
FRA,Souriceau-4,NO,France,country
FRA,Jeanette-25,NO,France,country
FRA,France-1,NO,France,country
FRA,EA II,NO,France,country
FRA,Galopin-9,NO,France,country
FRA,Rowing Club Castillon-3,NO,France,country
FRA,Gwendoline-2,NO,France,country
FRA,Red Indian,NO,France,country
FRA,Plume-patte-32,NO,France,country
FRA,Singy-37,NO,France,country
FRA,Stade Franais AC-2,NO,France,country
FRA,Socit Nautique de la Basse Seine-2,NO,France,country
FRA,Socit Nautique de Bayonne,NO,France,country
FRA,Racing Club de France,NO,France,country
FRA,Gilliatt V,NO,France,country
FRA,Mignon-29,NO,France,country
FRA,Marsouin-8,NO,France,country
FRA,Colette-12,NO,France,country
FRA,Socit Nautique de la Basse Seine-1,NO,France,country
FRA,Dick-8,NO,France,country
FRA,Freia-19,NO,France,country
FRA,Tritons Lillois-2,NO,France,country
FRA,Cercle Nautique de Reims-4,NO,France,country
FRA,Fada,NO,France,country
FRA,USFSA,NO,France,country
FRA,Favorite-1,NO,France,country
FRA,Crabe I-3,NO,France,country
FRA,Cercle de l'Aviron Roubaix-4,NO,France,country
FRA,Pirouette-5,NO,France,country
FRA,Leipzig,NO,France,country
FRA,Compigne Polo Club,NO,France,country
FRA,Marsouin-26,NO,France,country
FRA,Mac Miche,NO,France,country
FRA,Societ Nautique de la Marne-1,NO,France,country
FRA,Allegro,NO,France,country
FRA,Turquoise-3,NO,France,country
FRA,Turquoise-1,NO,France,country
FRA,Crocodile-13,NO,France,country
FRA,Souvenance,NO,France,country
FRA,Freia-5,NO,France,country
FRA,Crabe I-11,NO,France,country
FRA,Pigoule,NO,France,country
FRA,Gitana-21,NO,France,country
FRA,Crabe II-1,NO,France,country
FRA,Hb-20,NO,France,country
FRA,Quand-Mme-33,NO,France,country
FRA,Fantlet-2,NO,France,country
FRA,United States/France,NO,France,country
FRA,Club Nautique de Franais-1,NO,France,country
FRA,Baby-1,NO,France,country
FRA,Mamie-4,NO,France,country
FRA,L'Aile VI,NO,France,country
FRA,Plume-Patte-5,NO,France,country
FRA,Singy-7,NO,France,country
FRA,Socit Nautique de Bayonne-1,NO,France,country
FRA,Verveine-41,NO,France,country
FRA,Union des Socits Franais de Sports Athletiques,NO,France,country
FRA,LaBandera,NO,France,country
FRA,Tournade-40,NO,France,country
FRA,Crocodile-11,NO,France,country
FRA,Suzon IV-39,NO,France,country
FRA,"Bagatelle Polo Club, Paris",NO,France,country
FRA,Pupilles de Neptune de Lille #1-3,NO,France,country
FRA,Favorite-17,NO,France,country
FRA,Alcyon-6,NO,France,country
FRA,Gyp-23,NO,France,country
FRA,Scamasaxe-2,NO,France,country
FRA,Sandra,NO,France,country
FRA,Nina Claire-2,NO,France,country
FRA,Ariette-10,NO,France,country
FRA,Club Nautique de Lyon-2,NO,France,country
FRA,Mascaret-28,NO,France,country
FRA,Calypse II,NO,France,country
FRA,Snowten III,NO,France,country
FRA,Libellule de Paris,NO,France,country
FRA,Nina Claire-30,NO,France,country
FRA,Suzon IV-5,NO,France,country
FRA,Martha-1,NO,France,country
FRA,Olle,NO,France,country
FRA,Ariette-8,NO,France,country
FRA,Namoussa,NO,France,country
FRA,Demi-Mondaine-17,NO,France,country
FRA,Ducky-16,NO,France,country
FRA,Verveine-19,NO,France,country
FRA,C.V.A.-14,NO,France,country
FRA,Astrid III,NO,France,country
FRA,Gwendoline-22,NO,France,country
FRA,Crabe I-2,NO,France,country
FRA,Esterel-1,NO,France,country
FRA,Galopin-20,NO,France,country
FRA,Quand-Mme-2,NO,France,country
FRA,Pirouette-31,NO,France,country
FRA,Eissero VI,NO,France,country
FRA,Gitana-2,NO,France,country
FRA,Amulet-7,NO,France,country
FRA,Aloha II,NO,France,country
FRA,Jeannette-18,NO,France,country
FRA,Pettit-Poucet-6,NO,France,country
FRA,Rozenn-3,NO,France,country
FRA,Sidi-Fekkar-14,NO,France,country
FRA,Sarcelle-3,NO,France,country
FRA,Calimucho,NO,France,country
FRA,Gyp-6,NO,France,country
FRA,Fantlet-7,NO,France,country
FRA,France-2,NO,France,country
FRA,Mascaret-4,NO,France,country
FRA,Mignon-3,NO,France,country
FRA,Femur-18,NO,France,country
FRA,France-4,NO,France,country
FRA,Tornade-16,NO,France,country
FRA,Virginie,NO,France,country
FRA,Chicago Athletic Association,NO,France,country
FRA,Demi-Mondaine-15,NO,France,country
FRA,France/Great Britain,NO,France,country
FRA,Frip IV,NO,France,country
FRA,France,YES,France,country
FRG,West Germany-2,NO,West Germany,historical_different
FRG,West Germany-3,NO,West Germany,historical_different
FRG,West Germany-1,NO,West Germany,historical_different
FRG,West Germany,YES,West Germany,historical_different
FSM,Micronesia,NO,Federated States of Micronesia,country
FSM,Federated States of Micronesia,NO,Federated States of Micronesia,country
GAB,Gabon,YES,Gabon,country
GAM,Gambia,NO,The Gambia,country
GAM,The Gambia,NO,The Gambia,country
GBR,Joy,NO,Great Britain,country
GBR,Magdalen College Boat Club-1,NO,Great Britain,country
GBR,Cambridge University Boat Club-2,NO,Great Britain,country
GBR,Ireland-3,NO,Great Britain,country
GBR,Upton Park FC,NO,Great Britain,country
GBR,Vision,NO,Great Britain,country
GBR,Paka,NO,Great Britain,country
GBR,Scotia,NO,Great Britain,country
GBR,Chuckles,NO,Great Britain,country
GBR,Scotland-3,NO,Great Britain,country
GBR,Beaver,NO,Great Britain,country
GBR,Sorais-2,NO,Great Britain,country
GBR,Emily,NO,Great Britain,country
GBR,Union des Socits Franais de Sports Athletiques,NO,Great Britain,country
GBR,Univ. of Brussels,NO,Great Britain,country
GBR,"Bagatelle Polo Club, Paris",NO,Great Britain,country
GBR,Gyrinus-1,NO,Great Britain,country
GBR,Quicksilver-2,NO,Great Britain,country
GBR,Andromeda,NO,Great Britain,country
GBR,Titia,NO,Great Britain,country
GBR,Great Britain-1,NO,Great Britain,country
GBR,Yeoman VII,NO,Great Britain,country
GBR,Yeoman XII,NO,Great Britain,country
GBR,Gem II,NO,Great Britain,country
GBR,Ceres II,NO,Great Britain,country
GBR,Great Britain-4,NO,Great Britain,country
GBR,Sibindi-2,NO,Great Britain,country
GBR,Olle,NO,Great Britain,country
GBR,Amateur Athletic Association,NO,Great Britain,country
GBR,Hera-1,NO,Great Britain,country
GBR,Great Britain/Germany,NO,Great Britain,country
GBR,England,NO,Great Britain,country
GBR,Bluebottle,NO,Great Britain,country
GBR,Saskia,NO,Great Britain,country
GBR,Laurea-1,NO,Great Britain,country
GBR,Nan-2,NO,Great Britain,country
GBR,Hurlingham-2,NO,Great Britain,country
GBR,Salamander,NO,Great Britain,country
GBR,London City Police-1,NO,Great Britain,country
GBR,Leander Club-1,NO,Great Britain,country
GBR,Thames Rowing Club,NO,Great Britain,country
GBR,Brynhild-2,NO,Great Britain,country
GBR,Omilos Ereton Smyrnis,NO,Great Britain,country
GBR,Cicely-1,NO,Great Britain,country
GBR,Ireland-2,NO,Great Britain,country
GBR,"New College, Oxford-2",NO,Great Britain,country
GBR,England-1,NO,Great Britain,country
GBR,Devon and Somerset Wanderers,NO,Great Britain,country
GBR,Lucky Star,NO,Great Britain,country
GBR,"BLO Polo Club, Rugby",NO,Great Britain,country
GBR,Scotland-2,NO,Great Britain,country
GBR,Ancora,NO,Great Britain,country
GBR,Foxhunters Hurlingham,NO,Great Britain,country
GBR,Wolseley-Siddeley-1,NO,Great Britain,country
GBR,Sabre,NO,Great Britain,country
GBR,Bohemia/Great Britain,NO,Great Britain,country
GBR,Fortuna,NO,Great Britain,country
GBR,Libellule de Paris,NO,Great Britain,country
GBR,Lalage,NO,Great Britain,country
GBR,Lancet,NO,Great Britain,country
GBR,Leander Club #1-1,NO,Great Britain,country
GBR,Wales-4,NO,Great Britain,country
GBR,K Division Metropolitan Police Team-3,NO,Great Britain,country
GBR,Dylan-2,NO,Great Britain,country
GBR,United States/Great Britain,NO,Great Britain,country
GBR,Great Britain-2,NO,Great Britain,country
GBR,Lady C,NO,Great Britain,country
GBR,Cornwall,NO,Great Britain,country
GBR,Smyrna,NO,Great Britain,country
GBR,Australia/Great Britain,NO,Great Britain,country
GBR,Starlight III,NO,Great Britain,country
GBR,Scotland,NO,Great Britain,country
GBR,Mouchette-2,NO,Great Britain,country
GBR,Heroine,NO,Great Britain,country
GBR,Feo,NO,Great Britain,country
GBR,Great Britain-3,NO,Great Britain,country
GBR,Johan,NO,Great Britain,country
GBR,Liverpool Police Team-2,NO,Great Britain,country
GBR,France/Great Britain,NO,Great Britain,country
GBR,Leander Club-2,NO,Great Britain,country
GBR,Sea Dog-2,NO,Great Britain,country
GBR,Mistral Hojris,NO,Great Britain,country
GBR,Swift,NO,Great Britain,country
GBR,Roehampton-1,NO,Great Britain,country
GBR,Cobweb-1,NO,Great Britain,country
GBR,Unique,NO,Great Britain,country
GBR,"Osborne Swimming Club, Manchester",NO,Great Britain,country
GBR,Moseley Wanderers,NO,Great Britain,country
GBR,Bona Fide,NO,Great Britain,country
GBR,Twinkle,NO,Great Britain,country
GBR,Leander Club #2-2,NO,Great Britain,country
GBR,Brat,NO,Great Britain,country
GBR,Dormy-1,NO,Great Britain,country
GBR,Potsdam,NO,Great Britain,country
GBR,Great Britain,YES,Great Britain,country
GBR,Ireland,YES,Ireland,country
GBS,Guinea-Bissau,NO,East Germany,historical_different
GBS,Guinea Bissau,NO,East Germany,historical_different
GDR,East Germany-2,NO,East Germany,historical_different
GDR,East Germany-3,NO,East Germany,historical_different
GDR,East Germany-1,NO,East Germany,historical_different
GDR,East Germany,YES,East Germany,historical_different
GEO,Georgia,YES,Georgia,country
GEQ,Equatorial Guinea,NO,Equatorial Guinea,country
GER,Paka V,NO,Germany,country
GER,Wannsee,NO,Germany,country
GER,Bonaparte,NO,Germany,country
GER,Aschenbrodel,NO,Germany,country
GER,Gustel V,NO,Germany,country
GER,Germany/United States,NO,Germany,country
GER,Bronia,NO,Germany,country
GER,Germany-3,NO,Germany,country
GER,Berliner Ruderclub,NO,Germany,country
GER,Tantalus,NO,Germany,country
GER,Gustl XI,NO,Germany,country
GER,Pan,NO,Germany,country
GER,Deutscher Schwimm Verband Berlin,NO,Germany,country
GER,Germania II,NO,Germany,country
GER,"South St Louis Turnverein, St Louis",NO,Germany,country
GER,Germany-1,NO,Germany,country
GER,Gustel X,NO,Germany,country
GER,Wendehals,NO,Germany,country
GER,Elvis Va,NO,Germany,country
GER,"Turnverein Vorwrts, Chicago",NO,Germany,country
GER,Favorite Hammonia-3,NO,Germany,country
GER,Germany-2,NO,Germany,country
GER,"Germania Ruder Club, Hamburg",NO,Germany,country
GER,"Germania Ruder Club, Hamburg-2",NO,Germany,country
GER,Rostock,NO,Germany,country
GER,Bellatrix XIII,NO,Germany,country
GER,Berliner Ruderverein von 1876-2,NO,Germany,country
GER,Tom Kyle,NO,Germany,country
GER,Dinah V,NO,Germany,country
GER,Great Britain/Germany,NO,Germany,country
GER,St. Louis Southwest Turnverein #2-3,NO,Germany,country
GER,Frankfurt Club,NO,Germany,country
GER,Berliner Ruderclub Sport-Borussia-1,NO,Germany,country
GER,Subbnboana,NO,Germany,country
GER,Tilly,NO,Germany,country
GER,Ludwigshafener Ruderverein,NO,Germany,country
GER,Bellatrix IX,NO,Germany,country
GER,Mutafo,NO,Germany,country
GER,Satchmo,NO,Germany,country
GER,Nirwana,NO,Germany,country
GER,Ludwigshafener Ruder Verein-1,NO,Germany,country
GER,Macky VI,NO,Germany,country
GER,Germany,YES,Germany,country
GHA,Ghana,YES,Ghana,country
GRE,Royal Club Nautique de Gand,NO,Greece,country
GRE,"Phalainis ton Thorichtou ""Psara""-3",NO,Greece,country
GRE,"Lemzos Thorichton ""Spetsai""-4",NO,Greece,country
GRE,Olympion,NO,Greece,country
GRE,Nirefs,NO,Greece,country
GRE,Thessalonki-1,NO,Greece,country
GRE,Marie-Tim,NO,Greece,country
GRE,Omilos Ereton Smyrnis,NO,Greece,country
GRE,Greece-1,NO,Greece,country
GRE,"Phalainis ton Thorichtou ""Hydra""-2",NO,Greece,country
GRE,Nikh,NO,Greece,country
GRE,Peiraikos Syndesmos-2,NO,Greece,country
GRE,Athens-2,NO,Greece,country
GRE,Panhellenios Gymnastikos Syllogos-1,NO,Greece,country
GRE,Greece-4,NO,Greece,country
GRE,Omilos Ereton Peiraios-2,NO,Greece,country
GRE,Greece-3,NO,Greece,country
GRE,"Large boat, Central Naval Prep School ""Poros""-1",NO,Greece,country
GRE,Proteus II,NO,Greece,country
GRE,Greece-2,NO,Greece,country
GRE,"Life boat naval ship ""Spetsai""-1",NO,Greece,country
GRE,Nautikos Omilos-3,NO,Greece,country
GRE,Omas Helliniki P. S.,NO,Greece,country
GRE,Pan-Hellenic Athletic Club,NO,Greece,country
GRE,"Lemzos Thorichton ""Psara""-3",NO,Greece,country
GRE,Zefyros,NO,Greece,country
GRE,Nephos I,NO,Greece,country
GRE,Ethnikos Gymnastikos Syllogos,NO,Greece,country
GRE,Greece,YES,Greece,country
GRN,Grenada,YES,Grenada,country
GUA,Guatemala,YES,Guatemala,country
GUI,Guinea,NO,Guinea,country
GUM,Guam,NO,Guam,country
GUY,Guyana,YES,Guyana,country
HAI,Union des Socits Franais de Sports Athletiques,NO,Haiti,country
HAI,Haiti,YES,Haiti,country
HKG,"Hong Kong, China",NO,Hong Kong,country
HKG,Hong Kong-1,NO,Hong Kong,country
HKG,Hong Kong-2,NO,Hong Kong,country
HKG,Phoenix,NO,Hong Kong,country
HKG,Hong Kong,YES,Hong Kong,country
HON,Honduras,NO,Honduras,country
HUN,Hungary-3,NO,Hungary,country
HUN,Olimpia,NO,Hungary,country
HUN,Hungary-1,NO,Hungary,country
HUN,Hungaria,NO,Hungary,country
HUN,Pannonia RC/National RC,NO,Hungary,country
HUN,Hungary-2,NO,Hungary,country
HUN,Balaton,NO,Hungary,country
HUN,Knigsberg,NO,Hungary,country
HUN,Hungaria Evezos Egylet,NO,Hungary,country
HUN,Hungary,YES,Hungary,country
INA,Indonesia-1,NO,Indonesia,country
INA,Tengiri,NO,Indonesia,country
INA,Partenope,NO,Indonesia,country
INA,Indonesia-2,NO,Indonesia,country
INA,Indonesia,YES,Indonesia,country
IND,India-2,NO,India,country
IND,India-1,NO,India,country
IND,India,YES,India,country
IOA,Individual Olympic Athletes,NO,Iran,country
IRI,IR Iran,NO,Iran,country
IRI,Iran,YES,Iran,country
IRL,Ireland-1,NO,Ireland,country
IRL,Three Leaves,NO,Ireland,country
IRL,The Cloud,NO,Ireland,country
IRL,Ireland-2,NO,Ireland,country
IRL,Aletta,NO,Ireland,country
IRL,Akatonbo,NO,Ireland,country
IRL,Ireland,YES,Ireland,country
IRQ,Iraq,YES,Iraq,country
ISL,Iceland,YES,Iceland,country
ISR,Israel,YES,Israel,country
ISV,"Virgin Islands, US",NO,Virgin Islands,country
ISV,United States Virgin Islands,NO,Virgin Islands,country
ISV,Virgin Islands,YES,Virgin Islands,country
ITA,Roma,NO,Italy,country
ITA,Merope,NO,Italy,country
ITA,Umberta V,NO,Italy,country
ITA,Aretusa,NO,Italy,country
ITA,Barion/Bari-2,NO,Italy,country
ITA,Esperia,NO,Italy,country
ITA,Aldebaran II,NO,Italy,country
ITA,Mirtala,NO,Italy,country
ITA,Twins VIII,NO,Italy,country
ITA,Bucintoro Venezia,NO,Italy,country
ITA,Voloira II,NO,Italy,country
ITA,Italy-1,NO,Italy,country
ITA,Enotria,NO,Italy,country
ITA,Italy-2,NO,Italy,country
ITA,Twins II,NO,Italy,country
ITA,Bucintoro Venezia-1,NO,Italy,country
ITA,Ausonia,NO,Italy,country
ITA,Aldebaran,NO,Italy,country
ITA,Argeste,NO,Italy,country
ITA,Bamba,NO,Italy,country
ITA,Mebi,NO,Italy,country
ITA,Italia,NO,Italy,country
ITA,Ciocca,NO,Italy,country
ITA,Augsburg,NO,Italy,country
ITA,Pegaso,NO,Italy,country
ITA,Merope III,NO,Italy,country
ITA,Legionario,NO,Italy,country
ITA,Romolo,NO,Italy,country
ITA,Ciocca II,NO,Italy,country
ITA,"Marinai della nave da guerra ""Varese""",NO,Italy,country
ITA,Galatea II,NO,Italy,country
ITA,Venilia,NO,Italy,country
ITA,Grifone,NO,Italy,country
ITA,Pistoja/Firenze,NO,Italy,country
ITA,Italy,YES,Italy,country
IVB,British Virgin Islands,NO,British Virgin Islands,country
IVB,"Virgin Islands, B",NO,British Virgin Islands,country
JAM,Miss Nippon IV,NO,Jamaica,country
JAM,Jamaica,YES,Jamaica,country
JOR,Jordan,YES,Jordan,country
JPN,Roy,NO,Japan,country
JPN,Dow Jones,NO,Japan,country
JPN,Essen,NO,Japan,country
JPN,MitaII,NO,Japan,country
JPN,Miss Nippon V,NO,Japan,country
JPN,Japan-1,NO,Japan,country
JPN,Boreas,NO,Japan,country
JPN,Japan-3,NO,Japan,country
JPN,Myojo,NO,Japan,country
JPN,Riccar,NO,Japan,country
JPN,Japan-2,NO,Japan,country
JPN,Rambo,NO,Japan,country
JPN,Danaldo,NO,Japan,country
JPN,Whisper,NO,Japan,country
JPN,Japan,YES,Japan,country
KAZ,Kazakhstan,YES,Kazakhstan,country
KEN,Kenya,YES,Kenya,country
KGZ,Kyrgyzstan,YES,Kyrgyzstan,country
KIR,Kiribati,NO,Kiribati,country
KOR,South Korea-2,NO,South Korea,country
KOR,South Korea-1,NO,South Korea,country
KOR,Korea,NO,South Korea,country
KOR,South Korea,YES,South Korea,country
KOS,Kosovo,YES,Kosovo,country
KSA,Saudi Arabia,YES,Saudi Arabia,country
KUW,Kuwait,YES,Kuwait,country
LAO,Laos,NO,Lao PDR,country
LAO,Lao PDR,NO,Lao PDR,country
LAT,Latvia-2,NO,Latvia,country
LAT,Latvia-1,NO,Latvia,country
LAT,Latvia,YES,Latvia,country
LBA,Libya,NO,Libya,country
LBN,Lebanon,YES,Lebanon,country
LBR,Liberia,NO,Liberia,country
LCA,Saint Lucia,YES,Saint Lucia,country
LES,Lesotho,NO,Lesotho,country
LIB,Maid of Lebanon,NO,Lebanon,country
LIB,Lebanon,YES,Lebanon,country
LIE,Liechtenstein,NO,Liechtenstein,country
LTU,Lithuania,YES,Lithuania,country
LUX,Luxembourg,YES,Luxembourg,country
MAD,Madagascar,NO,Madagascar,country
MAL,Malaya,NO,Malaya,historical_different
MAR,Morocco,YES,Morocco,country
MAS,Malaysia-1,NO,Malaysia,country
MAS,Malaysia-2,NO,Malaysia,country
MAS,Malaysia,YES,Malaysia,country
MAW,Malawi,NO,Malawi,country
MDA,Republic of Moldova,NO,Moldova,country
MDA,Moldova,YES,Moldova,country
MDV,Maldives,NO,Maldives,country
MEX,Tlaloc,NO,Mexico,country
MEX,Xolotl,NO,Mexico,country
MEX,Acipactli,NO,Mexico,country
MEX,Nausikaa 4,NO,Mexico,country
MEX,Chamukina,NO,Mexico,country
MEX,A North American Team,NO,Mexico,country
MEX,Mexico,YES,Mexico,country
MGL,Mongolia,YES,Mongolia,country
MHL,Marshall Islands,NO,Marshall Islands,country
MKD,Macedonia,YES,Macedonia,historical_same
MKD,North Macedonia,YES,North Macedonia,country
MLI,Mali,NO,Mali,country
MLT,Merope,NO,Malta,country
MLT,Malta,NO,Malta,country
MNE,Montenegro,YES,Montenegro,country
MON,Damoiselle IV,NO,Monaco,country
MON,Monaco,NO,Monaco,country
MON,Hirondelle,NO,Monaco,country
MOZ,Mozambique,YES,Mozambique,country
MRI,Mauritius-2,NO,Mauritius,country
MRI,Mauritius-1,NO,Mauritius,country
MRI,Mauritius,YES,Mauritius,country
MTN,Mauritania,NO,Mauritania,country
MYA,Kingfisher,NO,Myanmar,country
MYA,Yangon,NO,Myanmar,country
MYA,Myanmar,NO,Myanmar,country
NAM,Namibia,YES,Namibia,country
NBO,North Borneo,NO,North Borneo,historical_different
NCA,Nicaragua,NO,Nicaragua,country
NED,Trintel II,NO,Netherlands,country
NED,Kemphaan,NO,Netherlands,country
NED,Minerva Amsterdam,NO,Netherlands,country
NED,DeRuyter,NO,Netherlands,country
NED,Beatrijs III-1,NO,Netherlands,country
NED,Sunrise,NO,Netherlands,country
NED,Daisy,NO,Netherlands,country
NED,Willem-Six,NO,Netherlands,country
NED,Netherlands-2,NO,Netherlands,country
NED,Salinero,NO,Netherlands,country
NED,Bem II,NO,Netherlands,country
NED,Boreas-2,NO,Netherlands,country
NED,Mascotte,NO,Netherlands,country
NED,Amstel Amsterdam,NO,Netherlands,country
NED,Nrnberg,NO,Netherlands,country
NED,St. Margrite,NO,Netherlands,country
NED,Holland,NO,Netherlands,country
NED,Oranje,NO,Netherlands,country
NED,Hollandia,NO,Netherlands,country
NED,Joy,NO,Netherlands,country
NED,Starita,NO,Netherlands,country
NED,Nadine,NO,Netherlands,country
NED,Univ. of Brussels,NO,Netherlands,country
NED,Netherlands-1,NO,Netherlands,country
NED,Thalatta,NO,Netherlands,country
NED,Barco Deloro,NO,Netherlands,country
NED,Netherlands,YES,Netherlands,country
NEP,Nepal,NO,Nepal,country
NFL,Newfoundland,NO,Newfoundland,historical_different
NGR,Nigeria-2,NO,Nigeria,country
NGR,Nigeria-1,NO,Nigeria,country
NGR,Nigeria,YES,Nigeria,country
NIG,Niger,YES,Niger,country
NOR,Studenternes Roklub-2,NO,Norway,country
NOR,Mosk II,NO,Norway,country
NOR,Jo,NO,Norway,country
NOR,Fram III,NO,Norway,country
NOR,Nora,NO,Norway,country
NOR,Lyn-2,NO,Norway,country
NOR,Kristiania Roklub,NO,Norway,country
NOR,Taifun,NO,Norway,country
NOR,Elisabeth V,NO,Norway,country
NOR,Bera,NO,Norway,country
NOR,Norway-3,NO,Norway,country
NOR,Stella-2,NO,Norway,country
NOR,Fornebo,NO,Norway,country
NOR,Viking,NO,Norway,country
NOR,Kristiania Roklub-1,NO,Norway,country
NOR,"Norwegier Turnverein, Brooklyn",NO,Norway,country
NOR,Pan II,NO,Norway,country
NOR,Eleda,NO,Norway,country
NOR,Struten,NO,Norway,country
NOR,Lett,NO,Norway,country
NOR,Atlanta,NO,Norway,country
NOR,Magda IX,NO,Norway,country
NOR,Noreg,NO,Norway,country
NOR,Sirene,NO,Norway,country
NOR,Pan,NO,Norway,country
NOR,Marmi II-1,NO,Norway,country
NOR,Fram,NO,Norway,country
NOR,Norway-2,NO,Norway,country
NOR,Heira II,NO,Norway,country
NOR,Lully II,NO,Norway,country
NOR,Sildra-1,NO,Norway,country
NOR,KNS,NO,Norway,country
NOR,Norway-1,NO,Norway,country
NOR,Ormsund Roklub-2,NO,Norway,country
NOR,Norwegian Rowing Association,NO,Norway,country
NOR,Hamburg,NO,Norway,country
NOR,Sonja II,NO,Norway,country
NOR,Silja,NO,Norway,country
NOR,Elisabeth X,NO,Norway,country
NOR,Monica,NO,Norway,country
NOR,Apache,NO,Norway,country
NOR,Irene,NO,Norway,country
NOR,Norna,NO,Norway,country
NOR,Lucky,NO,Norway,country
NOR,Encore,NO,Norway,country
NOR,Norway,YES,Norway,country
NRU,Nauru,NO,Nauru,country
NZL,Harmony,NO,New Zealand,country
NZL,Jest,NO,New Zealand,country
NZL,Pandora,NO,New Zealand,country
NZL,"Osborne Swimming Club, Manchester",NO,New Zealand,country
NZL,Red Dragon,NO,New Zealand,country
NZL,New Zealand,YES,New Zealand,country
OMA,Oman,NO,Oman,country
PAK,Pakistan,YES,Pakistan,country
PAN,Panama,YES,Panama,country
PAR,Paraguay,YES,Paraguay,country
PER,Peru,YES,Peru,country
PHI,Kalayaan,NO,Philippines,country
PHI,Patricia,NO,Philippines,country
PHI,Philippines,YES,Philippines,country
PLE,Palestine,NO,Palestine,country
PLW,Palau,NO,Palau,country
PNG,Papua New Guinea,NO,Papua New Guinea,country
POL,Poland-3,NO,Poland,country
POL,Poland-2,NO,Poland,country
POL,Danuta,NO,Poland,country
POL,Poland-1,NO,Poland,country
POL,Poland,YES,Poland,country
POR,Espadarte,NO,Portugal,country
POR,Ciocca III,NO,Portugal,country
POR,Grifo III,NO,Portugal,country
POR,Calcinhas,NO,Portugal,country
POR,Vicking,NO,Portugal,country
POR,Galopin De La Font,NO,Portugal,country
POR,Espardate,NO,Portugal,country
POR,Canopus,NO,Portugal,country
POR,Sjhxa,NO,Portugal,country
POR,Hannover,NO,Portugal,country
POR,Argus,NO,Portugal,country
POR,Faneca,NO,Portugal,country
POR,Camelia,NO,Portugal,country
POR,Symphony,NO,Portugal,country
POR,Notavel,NO,Portugal,country
POR,Ma'Lindo,NO,Portugal,country
POR,Grifo IV,NO,Portugal,country
POR,Alcaid,NO,Portugal,country
POR,Oxalis,NO,Portugal,country
POR,Portugal,YES,Portugal,country
PRK,North Korea-2,NO,North Korea,country
PRK,DPR Korea,NO,North Korea,country
PRK,North Korea-1,NO,North Korea,country
PRK,North Korea,YES,North Korea,country
PUR,Puerto Rico,YES,Puerto Rico,country
QAT,Qatar,YES,Qatar,country
RHO,Rhodesia,NO,Rhodesia,historical_different
RHO,Peri,NO,Rhodesia,historical_different
ROC,Russia,YES,Russia,country
ROT,Refugee Olympic Athletes,NO,Refugee Olympic Team,special
ROU,Romania-2,NO,Romania,country
ROU,Romania-1,NO,Romania,country
ROU,Romania,YES,Romania,country
RSA,Hakahana,NO,South Africa,country
RSA,Shoveller,NO,South Africa,country
RSA,South Africa-2,NO,South Africa,country
RSA,South Africa-1,NO,South Africa,country
RSA,Impala,NO,South Africa,country
RSA,Springbok,NO,South Africa,country
RSA,Yeoman V,NO,South Africa,country
RSA,Boer Team,NO,South Africa,country
RSA,South Africa,YES,South Africa,country
RUS,Russia-1,NO,Russia,country
RUS,Norman-1,NO,Russia,country
RUS,Gallia II,NO,Russia,country
RUS,Russia-2,NO,Russia,country
RUS,Bylina-2,NO,Russia,country
RUS,Russia,YES,Russia,country
RWA,Rwanda,NO,Rwanda,country
SAA,Saar,NO,Saar,historical_different
SAM,Samoa,YES,Samoa,country
SCG,Serbia and Montenegro,YES,Serbia and Montenegro,historical_different
SEN,Senegal,YES,Senegal,country
SEY,Seychelles,NO,Seychelles,country
SGP,Singapore-2,NO,Singapore,country
SGP,Rika II,NO,Singapore,country
SGP,Singapore-1,NO,Singapore,country
SGP,June Climene,NO,Singapore,country
SGP,Singapore,YES,Singapore,country
SKN,Saint Kitts and Nevis,NO,Saint Kitts and Nevis,country
SKN,St Kitts and Nevis,NO,Saint Kitts and Nevis,country
SLE,Sierra Leone,NO,Sierra Leone,country
SLO,Slovenia-1,NO,Slovenia,country
SLO,Slovenia-2,NO,Slovenia,country
SLO,Slovenia,YES,Slovenia,country
SMR,San Marino,YES,San Marino,country
SOL,Solomon Islands,NO,Solomon Islands,country
SOM,Somalia,NO,Somalia,country
SRB,Serbia-2,NO,Serbia,country
SRB,Serbia-1,NO,Serbia,country
SRB,Serbia,YES,Serbia,country
SRI,Sri Lanka,YES,Sri Lanka,country
SSD,South Sudan,NO,South Sudan,country
STP,São Tomé and Príncipe,NO,São Tomé and Príncipe,country
STP,Sao Tome and Principe,NO,São Tomé and Príncipe,country
STP,Sao Tome & Principe,NO,São Tomé and Príncipe,country
SUD,Sudan,YES,Sudan,country
SUI,Tim-Tam III,NO,Switzerland,country
SUI,Pousse-Moi Pas VII,NO,Switzerland,country
SUI,Fantasio III,NO,Switzerland,country
SUI,Ylliam VII,NO,Switzerland,country
SUI,Ballerina IV,NO,Switzerland,country
SUI,Alain IV,NO,Switzerland,country
SUI,Ali-Baba IV,NO,Switzerland,country
SUI,Switzerland-2,NO,Switzerland,country
SUI,Lerina,NO,Switzerland,country
SUI,Switzerland-1,NO,Switzerland,country
SUI,Ali-Baba II,NO,Switzerland,country
SUI,Kln,NO,Switzerland,country
SUI,Ali-Baba IX,NO,Switzerland,country
SUI,Ylliam VIII,NO,Switzerland,country
SUI,Ali-Baba VI,NO,Switzerland,country
SUI,Baccara,NO,Switzerland,country
SUI,Ylliam II,NO,Switzerland,country
SUI,Switzerland,YES,Switzerland,country
SUR,Suriname,YES,Suriname,country
SVK,Slovakia-2,NO,Slovakia,country
SVK,Slovakia-1,NO,Slovakia,country
SVK,Slovakia,YES,Slovakia,country
SWE,Erna Signe,NO,Sweden,country
SWE,Vaxholm Roddklubb,NO,Sweden,country
SWE,Rush VII,NO,Sweden,country
SWE,Elsie,NO,Sweden,country
SWE,Denmark/Sweden,NO,Sweden,country
SWE,Rush V,NO,Sweden,country
SWE,Sans Atout-1,NO,Sweden,country
SWE,Floresco,NO,Sweden,country
SWE,Swedish Star,NO,Sweden,country
SWE,Roddklubben af 1912-2,NO,Sweden,country
SWE,Slaghoken,NO,Sweden,country
SWE,Solos Carex,NO,Sweden,country
SWE,Sweden-1,NO,Sweden,country
SWE,Gteborgs Roddfrening-2,NO,Sweden,country
SWE,Sif,NO,Sweden,country
SWE,Marga-2,NO,Sweden,country
SWE,Briar,NO,Sweden,country
SWE,Lotta IV,NO,Sweden,country
SWE,Kerstin-1,NO,Sweden,country
SWE,Ilderim,NO,Sweden,country
SWE,Kuling,NO,Sweden,country
SWE,Kitty-1,NO,Sweden,country
SWE,Aloha II,NO,Sweden,country
SWE,K.S.S.S. 1912-2,NO,Sweden,country
SWE,Sass-2,NO,Sweden,country
SWE,Sweden-2,NO,Sweden,country
SWE,Sunshine,NO,Sweden,country
SWE,Slaghoken II,NO,Sweden,country
SWE,Mari,NO,Sweden,country
SWE,Gteborgs Roddklubb-1,NO,Sweden,country
SWE,Bissbi,NO,Sweden,country
SWE,Lasha,NO,Sweden,country
SWE,Hojwa,NO,Sweden,country
SWE,May Be,NO,Sweden,country
SWE,Freja,NO,Sweden,country
SWE,Hayama,NO,Sweden,country
SWE,May Be VII,NO,Sweden,country
SWE,Vinga-1,NO,Sweden,country
SWE,Humbug V,NO,Sweden,country
SWE,Saga-2,NO,Sweden,country
SWE,Sweden-3,NO,Sweden,country
SWE,Sylvia,NO,Sweden,country
SWE,Sweden-4,NO,Sweden,country
SWE,Chance,NO,Sweden,country
SWE,Tornado,NO,Sweden,country
SWE,Galejan,NO,Sweden,country
SWE,Ali-Baba II,NO,Sweden,country
SWE,Kullan,NO,Sweden,country
SWE,Roddklubben af 1912-1,NO,Sweden,country
SWE,Sjovinge,NO,Sweden,country
SWE,Ingegerd,NO,Sweden,country
SWE,Sweden,YES,Sweden,country
SWZ,Swaziland,NO,Swaziland,country
SWZ,Eswatini,NO,Swaziland,country
SYR,Syria,YES,Syria,country
TAN,Tanzania,YES,Tanzania,country
TCH,Czechoslovakia-3,NO,Czechoslovakia,historical_different
TCH,Czechoslovakia-1,NO,Czechoslovakia,historical_different
TCH,Czechoslovakia-2,NO,Czechoslovakia,historical_different
TCH,Czechoslovakia,YES,Czechoslovakia,historical_different
TGA,Tonga,YES,Tonga,country
THA,Siames-Cat,NO,Thailand,country
THA,Tichiboo,NO,Thailand,country
THA,Linglom,NO,Thailand,country
THA,Thailand-2,NO,Thailand,country
THA,Thailand-1,NO,Thailand,country
THA,Thailand,YES,Thailand,country
TJK,Tajikistan,YES,Tajikistan,country
TKM,Turkmenistan,YES,Turkmenistan,country
TLS,Timor Leste,NO,Timor Leste,country
TLS,Timor-Leste,NO,Timor Leste,country
TLS,East Timor,NO,Timor Leste,country
TOG,Togo,YES,Togo,country
TPE,Chinese Taipei-1,NO,Chinese Taipei,historical_same
TPE,Chinese Taipei-2,NO,Chinese Taipei,historical_same
TPE,Chinese Taipei,YES,Chinese Taipei,historical_same
TTO,Firebird II,NO,Trinidad and Tobago,country
TTO,Trinidad and Tobago,YES,Trinidad and Tobago,country
TUN,Tunisia,YES,Tunisia,country
TUR,Türkiye,NO,Turkey,country
TUR,Marmara,NO,Turkey,country
TUR,Cuxhaven,NO,Turkey,country
TUR,Turkey,YES,Turkey,country
TUV,Tuvalu,NO,Tuvalu,country
UAE,UA Emirates,NO,United Arab Emirates,country
UAE,United Arab Emirates,YES,United Arab Emirates,country
UAR,United Arab Republic,NO,United Arab Republic,historical_different
UGA,Uganda,YES,Uganda,country
UKR,Ukraine-2,NO,Ukraine,country
UKR,Ukraine-1,NO,Ukraine,country
UKR,Ukraine,YES,Ukraine,country
UNK,Unknown,NO,Unknown,special
URS,Uragan,NO,Soviet Union,historical_different
URS,Tulilind,NO,Soviet Union,historical_different
URS,Nokaut II,NO,Soviet Union,historical_different
URS,Viktoriya,NO,Soviet Union,historical_different
URS,Almaz,NO,Soviet Union,historical_different
URS,Burevestnik,NO,Soviet Union,historical_different
URS,Olen,NO,Soviet Union,historical_different
URS,Taifun,NO,Soviet Union,historical_different
URS,Neptun II,NO,Soviet Union,historical_different
URS,Tornado,NO,Soviet Union,historical_different
URS,Kon-Tiki,NO,Soviet Union,historical_different
URS,Korshun,NO,Soviet Union,historical_different
URS,Druzhba,NO,Soviet Union,historical_different
URS,Persey,NO,Soviet Union,historical_different
URS,Soviet Union,YES,Soviet Union,historical_different
URU,Nortazo,NO,Uruguay,country
URU,Bajazzo,NO,Uruguay,country
URU,Heidelberg,NO,Uruguay,country
URU,Uruguay,YES,Uruguay,country
USA,Atalanta Boat Club-1,NO,United States,country
USA,Union des Socits Franais de Sports Athletiques,NO,United States,country
USA,Minotaur,NO,United States,country
USA,Mythilus,NO,United States,country
USA,United States-4,NO,United States,country
USA,Tineke,NO,United States,country
USA,Independent Rowing Club-3,NO,United States,country
USA,United States-5,NO,United States,country
USA,St. Rose-2,NO,United States,country
USA,Hilarius,NO,United States,country
USA,United States-13,NO,United States,country
USA,United States-8,NO,United States,country
USA,United States-14,NO,United States,country
USA,Kathleen,NO,United States,country
USA,United States-1,NO,United States,country
USA,Seawanhaka Boat Club-1,NO,United States,country
USA,Complex II,NO,United States,country
USA,Chicago Athletic Association-2,NO,United States,country
USA,"Philadelphia Turngemeinde, Philadelphia",NO,United States,country
USA,St. Louis Southwest Turnverein #1-2,NO,United States,country
USA,New York Athletic Club,NO,United States,country
USA,Glider,NO,United States,country
USA,"Central Turnverein, Chicago",NO,United States,country
USA,New York Athletic Club-1,NO,United States,country
USA,Ravel,NO,United States,country
USA,United States-11,NO,United States,country
USA,Shrew II,NO,United States,country
USA,United States-3,NO,United States,country
USA,Cincinnati Archers,NO,United States,country
USA,Chicago Athletic Association,NO,United States,country
USA,Skidoo,NO,United States,country
USA,"Turnverein Vorwrts, Chicago",NO,United States,country
USA,"BLO Polo Club, Rugby",NO,United States,country
USA,"La Salle Turnverein, Chicago",NO,United States,country
USA,Three Star Too,NO,United States,country
USA,Foxhunters Hurlingham,NO,United States,country
USA,United States Golf Association-3,NO,United States,country
USA,Angerburg,NO,United States,country
USA,"New York Turnverein, New York",NO,United States,country
USA,Widgeon,NO,United States,country
USA,Potomac Archers,NO,United States,country
USA,Angelita,NO,United States,country
USA,Jupiter,NO,United States,country
USA,United States/Great Britain,NO,United States,country
USA,Brentina,NO,United States,country
USA,St. Louis Southwest Turnverein #2-3,NO,United States,country
USA,New York Athletic Club-4,NO,United States,country
USA,United States-10,NO,United States,country
USA,Gallant,NO,United States,country
USA,Western Rowing Club-3,NO,United States,country
USA,Boston Archers,NO,United States,country
USA,Babe,NO,United States,country
USA,Mound City Rowing Club-2,NO,United States,country
USA,Rhythm,NO,United States,country
USA,United States-6,NO,United States,country
USA,St. Louis Amateur Athletic Association,NO,United States,country
USA,Western Golf Association-1,NO,United States,country
USA,A North American Team,NO,United States,country
USA,United States-9,NO,United States,country
USA,New York Athletic Club #2-4,NO,United States,country
USA,"Davenport Turngemeinde, Davenport",NO,United States,country
USA,Llanoria,NO,United States,country
USA,Frimousse,NO,United States,country
USA,Missouri Athletic Club-3,NO,United States,country
USA,Margaret,NO,United States,country
USA,"Norwegier Turnverein, Brooklyn",NO,United States,country
USA,Vim III,NO,United States,country
USA,"Socialer Turnverein, Detroit",NO,United States,country
USA,United States-12,NO,United States,country
USA,Spirit VI,NO,United States,country
USA,"Passaic Turnverein, Passaic",NO,United States,country
USA,Rush IV,NO,United States,country
USA,Frieda,NO,United States,country
USA,Spirit III,NO,United States,country
USA,Comanche,NO,United States,country
USA,Germany/United States,NO,United States,country
USA,New York Athletic Club #1-1,NO,United States,country
USA,Aphrodite,NO,United States,country
USA,United States-7,NO,United States,country
USA,Century Boat Club-1,NO,United States,country
USA,"Concordia Turnverein, St Louis",NO,United States,country
USA,"Milwaukee Turnverein, Milwaukee",NO,United States,country
USA,Mystery,NO,United States,country
USA,Chicago Archers,NO,United States,country
USA,Milwaukee Athletic Club-1,NO,United States,country
USA,United States-2,NO,United States,country
USA,Bingo,NO,United States,country
USA,Ravenswood Boat Club-2,NO,United States,country
USA,Vesper Boat Club,NO,United States,country
USA,United States/France,NO,United States,country
USA,Trans-Mississippi Golf Association-2,NO,United States,country
USA,"Turnverein Vorwrts, Cleveland",NO,United States,country
USA,"South St Louis Turnverein, St Louis",NO,United States,country
USA,Atalanta Boat Club-2,NO,United States,country
USA,Christian Brothers' College-1,NO,United States,country
USA,Formosa,YES,United States,country
USA,United States,YES,United States,country
UZB,Uzbekistan,YES,Uzbekistan,country
VAN,Vanuatu,NO,Vanuatu,country
VEN,Espuma del Mar,NO,Venezuela,country
VEN,Venezuela,YES,Venezuela,country
VIE,Vietnam,YES,Vietnam,country
VIN,Saint Vincent and the Grenadines,NO,Saint Vincent and the Grenadines,country
VIN,StVincent&Grenadines,NO,Saint Vincent and the Grenadines,country
VNM,South Vietnam,NO,South Vietnam,historical_different
WIF,West Indies Federation,NO,West Indies Federation,historical_different
WIF,Circus,NO,West Indies Federation,historical_different
YAR,North Yemen,NO,North Yemen,historical_different
YEM,Yemen,NO,Yemen,country
YMD,South Yemen,NO,South Yemen,historical_different
YUG,Cha-Cha III,NO,Yugoslavia,historical_different
YUG,Konstanz,NO,Yugoslavia,historical_different
YUG,Yugoslavia-1,NO,Yugoslavia,historical_different
YUG,Yugoslavia-2,NO,Yugoslavia,historical_different
YUG,Primorka,NO,Yugoslavia,historical_different
YUG,Yugoslavia,YES,Yugoslavia,historical_different
ZAM,Zambia,YES,Zambia,country
ZIM,Peri II,NO,Zimbabwe,country
ZIM,Zimbabwe,YES,Zimbabwe,country
